ID,Column_ID,>MT451123.1_Freq,>MT451123.1_LNum
1,574,97,3875
2,592,57,3873
3,610,62,3875
4,650,58,3874
5,654,55,3794
6,655,55,3869
7,691,58,3869
8,693,60,3873
9,696,59,3873
10,703,61,3874
11,705,60,3868
12,708,64,3874
13,722,68,3847
14,729,69,3876
15,734,71,3876
16,742,68,3871
17,762,81,3872
18,765,86,3872
19,770,83,3875
20,773,83,3876
21,777,79,3876
22,778,78,3876
23,782,83,3876
24,783,82,3867
25,785,82,3876
26,786,82,3876
27,789,80,3876
28,790,81,3876
29,791,81,3876
30,793,80,3875
31,798,81,3876
32,807,82,3875
33,816,80,3874
34,818,79,3876
35,821,80,3876
36,822,79,3873
37,826,79,3875
38,837,75,3875
39,840,75,3875
40,843,78,3875
41,844,77,3873
42,867,74,3873
43,879,78,3874
44,884,81,3876
45,885,81,3875
46,904,82,3876
47,915,80,3874
48,925,79,3872
49,933,80,3875
50,935,79,3873
51,942,77,3875
52,948,78,3875
53,952,76,3875
54,963,82,3875
55,970,81,3875
56,973,78,3873
57,977,78,3876
58,980,77,3876
59,987,83,3872
60,993,79,3873
61,996,81,3873
62,997,83,3823
63,999,80,3873
64,1004,77,3876
65,1008,74,3876
66,1011,73,3876
67,1026,76,3874
68,1039,76,3874
69,1048,74,3870
70,1049,75,3876
71,1053,74,3876
72,1059,82,3873
73,1064,85,3875
74,1082,85,3875
75,1086,85,3869
76,1096,82,3875
77,1098,81,3872
78,1100,82,3874
79,1105,81,3875
80,1108,79,3875
81,1113,79,3874
82,1121,76,3870
83,1122,78,3874
84,1123,77,3875
85,1124,75,3872
86,1158,83,3876
87,1173,76,3876
88,1223,82,2608
89,1227,83,3871
90,1240,89,3859
91,1262,105,3871
92,1266,102,3867
93,1277,93,3872
94,1281,94,3870
95,1287,89,3874
96,1309,90,3875
97,1312,88,3872
98,1314,88,3875
99,1327,91,3761
100,1334,93,3869
101,1338,93,3874
102,1354,89,3873
103,1355,90,3868
104,1374,92,3875
105,1375,92,3874
106,1377,90,3873
107,1382,93,3874
108,1385,93,3874
109,1389,89,3875
110,1428,89,3873
111,1438,90,3875
112,1452,91,3872
113,1478,90,3874
114,1481,86,3875
115,1483,80,3872
116,1487,76,3873
117,1490,79,3873
118,1493,77,3874
119,1497,74,3874
120,1506,74,3872
121,1532,82,3869
122,1544,82,3862
123,1549,74,3870
124,1551,74,3870
125,1565,77,3836
126,1567,80,3863
127,1568,82,3872
128,1577,89,3874
129,1583,91,3874
130,1584,90,3875
131,1590,87,3874
132,1591,85,3872
133,1594,82,3875
134,1601,77,3876
135,1603,76,3876
136,1604,75,3867
137,1627,71,3876
138,1633,73,3875
139,1635,73,3874
140,1637,73,3876
141,1642,71,3875
142,1644,73,3875
143,1659,67,3873
144,1678,74,3876
145,1679,74,3871
146,1683,72,3876
147,1709,71,3874
148,1711,71,3870
149,1712,70,3875
150,1727,76,3875
151,1734,67,3874
152,1757,72,3867
153,1758,70,3874
154,1759,71,3873
155,1762,70,3870
156,1780,64,3874
157,1786,62,3874
158,1787,63,3875
159,1789,65,3870
160,1796,66,3874
161,1810,73,3874
162,1815,79,3875
163,1822,79,3875
164,1827,77,3871
165,1830,75,3874
166,1834,76,3875
167,1845,73,3873
168,1849,72,3875
169,1861,74,3866
170,1871,68,3866
171,1883,71,3874
172,1900,70,3873
173,1911,69,3871
174,1922,70,3872
175,1926,69,3873
176,1964,75,3876
177,1976,78,3876
178,1979,80,3876
179,1981,79,3876
180,1984,81,3866
181,1989,76,3876
182,2017,77,3875
183,2019,76,3876
184,2032,81,3876
185,2039,78,3875
186,2042,79,3873
187,2048,75,3875
188,2051,75,3866
189,2054,71,3876
190,2059,73,3876
191,2073,73,3876
192,2076,71,3872
193,2077,70,3876
194,2081,70,3846
195,2082,72,3874
196,2093,75,3872
197,2098,70,3876
198,2099,71,3875
199,2104,69,3876
200,2111,65,3875
201,2142,74,3876
202,2146,77,3876
203,2153,78,3875
204,2161,74,3874
205,2167,73,3873
206,2182,76,3869
207,2201,75,3875
208,2204,78,3871
209,2205,77,3875
210,2212,74,3875
211,2222,74,3876
212,2225,75,3875
213,2226,76,3872
214,2234,80,3865
215,2245,79,3876
216,2255,67,3875
217,2258,68,3876
218,2268,66,3876
219,2270,66,3874
220,2273,66,3876
221,2274,65,3873
222,2277,66,3871
223,2280,64,3865
224,2302,67,3876
225,2308,64,3875
226,2313,62,3876
227,2317,63,3876
228,2320,64,3875
229,2324,61,3876
230,2325,61,3856
231,2328,60,3873
232,2329,60,3873
233,2362,59,3871
234,2375,61,3873
235,2393,65,3872
236,2396,65,3870
237,2399,66,3871
238,2407,70,3873
239,2408,68,3852
240,2410,68,3871
241,2413,68,3873
242,2427,61,3874
243,2430,62,3874
244,2433,59,3874
245,2452,64,3873
246,2456,62,3850
247,2473,68,3875
248,2552,65,3865
249,2553,65,3874
250,2558,66,3875
251,2559,66,3876
252,2561,70,3876
253,2571,70,3876
254,2580,73,3719
255,2586,69,3875
256,2598,68,3875
257,2609,66,3875
258,2610,68,3875
259,2611,67,3874
260,2612,68,3875
261,2617,67,3874
262,2619,66,3873
263,2633,73,3875
264,2644,66,3837
265,2653,70,3875
266,2661,67,3875
267,2671,63,3876
268,2672,63,3875
269,2682,64,3873
270,2687,65,3870
271,2690,68,3875
272,2691,67,3875
273,2692,66,3875
274,2698,66,3875
275,2700,66,3871
276,2711,68,3876
277,2713,68,3876
278,2714,67,3876
279,2715,68,3876
280,2722,76,3832
281,2725,73,3876
282,2738,75,3873
283,2754,78,3875
284,2756,78,3874
285,2796,61,3873
286,2797,62,3875
287,2799,64,3875
288,2800,65,3875
289,2802,65,3875
290,2808,70,3875
291,2815,68,3875
292,2816,67,3875
293,2832,67,3872
294,2839,63,3874
295,2865,70,3874
296,2870,73,3870
297,2880,71,3874
298,2881,70,3876
299,2901,62,3876
300,2928,70,3867
301,2946,72,3875
302,2972,67,3874
303,3000,72,3786
304,3002,71,3875
305,3005,65,3873
306,3006,63,3873
307,3009,68,3872
308,3026,81,3873
309,3027,81,3875
310,3034,82,3874
311,3039,78,3876
312,3048,76,3876
313,3056,78,3876
314,3064,79,3875
315,3066,80,3876
316,3074,85,3873
317,3097,80,3874
318,3101,81,3871
319,3103,80,3871
320,3104,83,3871
321,3106,82,3871
322,3109,81,3874
323,3120,76,3876
324,3144,74,3874
325,3156,74,3875
326,3168,74,3860
327,3174,75,3876
328,3175,76,3865
329,3178,73,3876
330,3201,85,1234
331,3204,86,3874
332,3206,84,3873
333,3210,85,3872
334,3245,85,3876
335,3258,83,3875
336,3260,87,13
337,3263,90,3875
338,3277,85,3876
339,3294,83,3876
340,3305,91,3876
341,3306,92,3875
342,3308,90,3871
343,3309,93,3871
344,3321,87,3876
345,3332,90,3876
346,3336,89,3876
347,3340,91,3876
348,3341,95,3792
349,3342,94,3876
350,3348,90,3876
351,3354,89,3875
352,3393,90,3876
353,3395,93,3873
354,3398,92,3875
355,3405,100,3876
356,3406,99,3874
357,3410,96,3876
358,3412,93,3876
359,3414,88,3874
360,3415,88,3875
361,3417,90,3875
362,3423,84,3861
363,3425,83,3874
364,3428,83,3876
365,3447,97,3876
366,3449,97,3876
367,3450,100,3875
368,3457,107,3876
369,3458,110,3875
370,3468,105,3873
371,3470,108,3876
372,3471,109,3876
373,3475,104,3868
374,3476,105,3874
375,3481,108,3873
376,3529,109,3875
377,3533,113,3875
378,3535,113,3875
379,3536,111,3875
380,3537,106,3857
381,3562,101,3875
382,3567,103,3876
383,3570,100,3876
384,3573,100,3876
385,3574,99,3876
386,3583,104,3874
387,3585,107,3872
388,3592,103,3875
389,3593,102,3872
390,3615,102,3876
391,3620,102,3875
392,3627,95,3876
393,3651,96,3876
394,3656,93,3876
395,3667,98,3876
396,3669,96,3865
397,3673,90,3876
398,3681,94,3876
399,3682,93,3875
400,3697,85,3876
401,3704,92,3875
402,3716,91,3876
403,3717,91,3876
404,3722,90,3876
405,3728,84,3832
406,3751,85,3875
407,3753,85,3873
408,3757,85,3873
409,3766,87,3875
410,3771,89,3876
411,3772,89,3876
412,3789,93,3876
413,3792,94,3875
414,3796,91,3876
415,3798,93,3860
416,3799,95,3875
417,3802,93,3874
418,3807,90,3876
419,3817,94,3871
420,3819,93,3874
421,3852,81,3876
422,3856,78,3873
423,3862,81,3876
424,3881,93,3875
425,3886,95,3871
426,3891,92,3875
427,3892,92,3874
428,3900,89,3875
429,3901,87,3872
430,3902,87,3871
431,3918,80,3876
432,3923,79,3875
433,3930,83,3874
434,3932,85,3873
435,3948,85,3865
436,3960,88,3873
437,3975,88,3872
438,3981,85,3872
439,3995,89,3872
440,3996,89,3871
441,4005,86,3859
442,4007,85,3872
443,4035,75,3845
444,4040,77,3874
445,4087,74,3875
446,4095,72,3852
447,4111,68,3875
448,4119,74,3866
449,4125,70,3860
450,4154,70,3870
451,4156,71,3869
452,4166,69,3851
453,4179,63,3875
454,4198,66,3875
455,4222,66,3876
456,4231,59,3875
457,4233,62,3874
458,4239,64,3876
459,4248,65,3860
460,4255,67,3876
461,4268,62,3876
462,4277,65,3866
463,4279,64,3874
464,4281,61,3875
465,4300,71,3872
466,4312,71,3872
467,4319,69,3876
468,4322,66,3874
469,4326,64,3875
470,4344,69,3874
471,4346,66,3876
472,4361,69,3871
473,4365,70,3875
474,4366,69,3874
475,4370,69,3874
476,4384,71,3876
477,4390,68,3859
478,4394,74,3875
479,4395,74,3876
480,4398,76,3876
481,4400,75,3869
482,4410,75,3875
483,4419,79,3870
484,4433,73,3875
485,4440,79,3875
486,4446,79,3876
487,4449,78,3874
488,4452,80,3876
489,4461,79,3876
490,4464,82,3849
491,4484,87,3875
492,4485,85,3875
493,4486,84,3876
494,4491,82,3876
495,4515,79,3875
496,4518,77,3869
497,4550,74,3875
498,4551,74,3876
499,4553,72,3875
500,4563,69,3873
501,4564,70,3876
502,4566,68,3873
503,4602,79,3875
504,4619,76,3876
505,4620,75,3869
506,4631,76,3876
507,4639,74,3873
508,4640,74,3876
509,4658,66,3876
510,4667,63,3873
511,4668,62,3874
512,4674,58,3875
513,4687,60,3864
514,4692,57,3874
515,4704,60,3852
516,4707,60,3874
517,4708,61,3875
518,4714,61,3875
519,4715,59,3873
520,4724,62,3874
521,4739,61,3876
522,4741,62,3876
523,4743,59,3875
524,4750,63,3876
525,4753,62,3876
526,4754,61,3876
527,4761,60,3876
528,4779,66,3876
529,4786,66,3876
530,4795,66,3876
531,4806,62,3876
532,4819,68,3875
533,4832,59,3875
534,4842,54,3876
535,4847,52,3871
536,4851,54,3876
537,4875,63,3864
538,4918,65,3875
539,4919,67,3872
540,4928,66,3875
541,4940,60,3857
542,4943,63,3874
543,4944,62,3875
544,4954,64,3875
545,4959,71,3873
546,4973,72,3874
547,4974,73,3876
548,4996,69,3873
549,5002,71,3867
550,5030,79,3870
551,5042,72,3872
552,5049,75,3876
553,5050,75,3875
554,5055,78,3875
555,5056,78,3876
556,5057,78,3876
557,5061,80,3872
558,5064,80,3875
559,5067,79,3876
560,5068,79,3870
561,5076,75,3874
562,5081,70,3875
563,5104,77,3876
564,5110,75,3874
565,5113,76,3876
566,5115,74,3876
567,5129,72,3875
568,5131,71,3876
569,5139,75,3874
570,5151,82,3876
571,5154,82,3875
572,5157,81,3871
573,5164,81,3876
574,5166,79,3876
575,5169,77,3876
576,5171,79,3875
577,5175,80,3866
578,5184,79,3869
579,5193,80,3876
580,5195,79,3876
581,5216,74,3876
582,5226,76,3870
583,5262,74,3875
584,5302,72,3876
585,5304,71,3875
586,5306,70,3876
587,5308,70,3874
588,5312,71,3876
589,5314,69,3876
590,5329,68,3875
591,5347,67,3868
592,5348,67,3871
593,5349,68,3875
594,5358,75,3873
595,5367,67,3876
596,5375,68,3874
597,5382,68,3876
598,5394,71,3874
599,5403,70,3875
600,5404,69,3876
601,5437,65,3876
602,5445,67,3876
603,5448,66,3870
604,5462,64,3873
605,5465,60,3872
606,5474,61,3871
607,5501,61,3872
608,5502,60,3871
609,5503,61,3870
610,5512,63,3870
611,5519,65,3873
612,5520,65,3873
613,5556,66,3873
614,5625,64,3875
615,5626,63,3874
616,5631,64,3862
617,5649,63,3875
618,5676,69,3875
619,5697,64,3876
620,5702,65,3871
621,5704,67,3876
622,5708,71,3875
623,5711,70,3876
624,5717,69,3876
625,5719,67,3876
626,5721,64,3875
627,5736,66,3864
628,5781,58,3865
629,5786,60,3873
630,5796,68,3875
631,5829,67,3875
632,5836,63,3860
633,5858,67,3876
634,5862,66,3876
635,5864,66,3869
636,5878,65,3876
637,5880,64,3876
638,5881,64,3875
639,5889,61,3875
640,5892,61,3875
641,5894,60,3871
642,5922,64,3876
643,5948,62,3861
644,5956,57,3876
645,5976,56,3874
646,5990,69,3869
647,6009,67,3876
648,6013,68,3875
649,6014,67,3876
650,6015,65,3876
651,6025,69,3875
652,6030,66,3876
653,6033,71,3871
654,6048,68,3873
655,6050,67,3874
656,6081,72,3875
657,6098,69,3876
658,6105,73,3875
659,6114,75,3874
660,6122,77,3876
661,6138,79,3873
662,6150,73,3871
663,6159,77,3874
664,6175,74,3872
665,6180,75,3873
666,6190,80,3869
667,6195,76,3870
668,6199,73,3871
669,6200,72,3871
670,6204,69,3818
671,6233,61,3874
672,6245,57,3870
673,6283,65,3876
674,6284,65,3875
675,6288,64,3875
676,6298,57,3876
677,6309,58,3874
678,6315,63,3874
679,6342,65,3874
680,6359,61,3876
681,6360,60,3876
682,6373,59,3874
683,6384,57,3876
684,6392,55,3875
685,6418,66,3874
686,6419,66,3871
687,6422,68,3873
688,6440,63,3873
689,6449,58,3870
690,6450,59,3873
691,6472,69,3876
692,6474,68,3859
693,6476,66,3829
694,6477,67,3872
695,6481,61,3874
696,6488,67,3873
697,6495,70,3873
698,6501,72,3872
699,6505,77,3872
700,6509,78,3870
701,6514,82,3872
702,6523,81,3859
703,6525,82,3861
704,6527,80,3853
705,6530,78,3859
706,6558,74,3872
707,6562,73,3875
708,6566,75,3869
709,6568,78,3873
710,6583,85,3870
711,6585,86,3872
712,6591,81,3872
713,6603,74,3872
714,6609,73,3866
715,6610,73,3869
716,6618,80,3873
717,6627,79,3874
718,6664,79,3873
719,6665,77,3873
720,6668,80,3873
721,6689,88,3872
722,6696,83,3867
723,6732,74,3871
724,6742,69,3872
725,6748,71,3874
726,6752,72,3874
727,6753,70,3874
728,6768,79,3876
729,6770,76,3875
730,6780,77,3874
731,6791,72,3873
732,6800,72,3873
733,6803,72,3876
734,6810,67,3876
735,6815,67,3863
736,6817,68,3876
737,6834,70,3873
738,6836,68,3873
739,6857,75,3846
740,6858,75,3871
741,6872,73,3874
742,6876,72,3874
743,6884,74,3874
744,6887,73,3871
745,6893,73,3874
746,6894,73,3873
747,6912,74,3873
748,6926,75,3869
749,6955,79,3865
750,6971,72,3864
751,6977,73,3859
752,6978,70,3861
753,6985,68,3865
754,7031,75,3861
755,7033,77,3863
756,7044,81,3853
757,7048,81,3857
758,7058,75,3860
759,7060,76,3862
760,7069,74,3856
761,7090,71,3835
762,7100,70,3829
763,7108,74,3828
764,7125,77,3836
765,7132,77,3855
766,7141,76,3863
767,7146,73,3867
768,7154,80,3866
769,7159,83,3869
770,7160,82,3865
771,7175,82,3868
772,7180,80,3869
773,7193,81,3871
774,7203,80,3868
775,7206,80,3867
776,7211,82,3869
777,7214,84,3875
778,7243,86,3875
779,7245,83,3875
780,7247,83,3876
781,7248,85,3876
782,7257,82,3874
783,7268,80,3875
784,7277,79,3872
785,7283,78,3872
786,7292,81,3873
787,7294,81,3873
788,7309,74,3875
789,7328,84,3874
790,7332,81,3874
791,7337,81,3874
792,7359,87,3872
793,7396,76,3873
794,7401,79,3873
795,7431,75,3872
796,7437,74,3873
797,7443,73,3872
798,7455,70,3874
799,7498,68,3873
800,7554,62,3873
801,7557,60,3872
802,7595,65,3875
803,7602,62,3859
804,7616,68,3875
805,7643,60,3867
806,7644,60,3874
807,7677,66,3872
808,7682,67,3875
809,7692,60,3875
810,7704,64,3862
811,7717,66,3875
812,7724,75,3864
813,7725,73,3876
814,7728,74,3872
815,7746,70,3876
816,7764,63,3874
817,7773,66,3875
818,7808,72,3876
819,7839,65,3876
820,7880,62,3876
821,7892,59,3870
822,7896,59,3873
823,7913,60,3874
824,7929,61,3869
825,7934,58,3875
826,7962,61,3872
827,7979,51,3873
828,7982,55,3875
829,7998,58,3875
830,8002,60,3876
831,8008,61,3876
832,8021,64,3876
833,8029,65,3876
834,8030,65,3876
835,8065,70,3876
836,8067,71,3876
837,8090,71,3874
838,8093,73,3875
839,8100,74,3874
840,8109,71,3870
841,8145,71,3872
842,8165,74,3876
843,8168,69,3876
844,8180,62,3876
845,8189,64,3875
846,8190,63,3869
847,8195,65,3874
848,8231,70,3876
849,8232,71,3874
850,8236,71,3871
851,8237,69,3876
852,8242,63,3871
853,8254,63,3875
854,8256,63,3871
855,8266,66,3868
856,8273,67,3875
857,8279,67,3876
858,8280,66,3875
859,8291,57,3876
860,8295,55,3875
861,8301,49,3876
862,8303,48,3876
863,8304,48,3874
864,8309,48,3876
865,8310,47,3875
866,8322,54,3876
867,8324,55,3876
868,8334,58,3876
869,8338,58,3869
870,8339,58,3837
871,8372,51,3872
872,8392,59,3876
873,8404,63,3874
874,8411,61,3876
875,8430,57,3875
876,8442,70,3875
877,8451,65,3876
878,8460,61,3874
879,8479,56,3874
880,8480,56,3875
881,8482,60,3875
882,8484,62,3873
883,8491,61,3854
884,8508,65,3865
885,8516,64,3872
886,8521,64,3873
887,8530,66,3875
888,8532,68,3872
889,8535,70,3859
890,8553,79,3852
891,8554,81,3873
892,8555,82,3874
893,8586,81,3874
894,8595,82,3874
895,8624,75,3873
896,8689,76,3868
897,8759,83,3876
898,8764,80,3876
899,8766,79,3869
900,8780,83,3874
901,8790,89,3875
902,8817,78,3870
903,8824,73,3871
904,8828,74,3873
905,8829,75,3874
906,8840,80,3875
907,8845,77,3875
908,8847,79,3873
909,8861,78,3876
910,8863,78,3876
911,8871,78,3874
912,8886,76,3873
913,8894,82,3874
914,8897,82,3876
915,8920,81,3876
916,8945,81,3876
917,8946,83,3123
918,8949,81,3869
919,8954,77,3842
920,8992,80,3876
921,8996,84,3876
922,9005,80,3875
923,9016,75,3874
924,9031,72,3872
925,9044,75,3872
926,9047,78,3869
927,9054,78,3872
928,9056,77,3869
929,9063,76,3871
930,9081,78,3871
931,9101,75,3875
932,9109,76,3876
933,9111,77,3876
934,9114,76,3874
935,9120,77,3875
936,9136,73,3876
937,9146,67,3875
938,9151,68,3876
939,9180,75,3876
940,9186,68,3876
941,9198,69,3875
942,9201,70,3875
943,9203,71,3875
944,9210,69,3876
945,9212,69,3876
946,9213,71,3876
947,9214,70,3876
948,9217,69,3876
949,9256,69,3875
950,9276,76,3875
951,9277,77,3875
952,9280,76,3876
953,9291,79,3874
954,9321,74,3875
955,9323,75,3875
956,9327,72,3875
957,9329,75,3872
958,9334,75,3872
959,9340,73,3876
960,9344,75,3874
961,9359,81,3863
962,9368,84,3875
963,9371,84,3876
964,9378,82,3876
965,9410,84,3872
966,9445,83,3873
967,9450,87,3873
968,9458,89,3873
969,9465,86,3873
970,9471,85,3873
971,9483,83,3874
972,9497,83,3875
973,9512,73,3876
974,9524,75,3875
975,9553,71,3876
976,9594,87,3869
977,9595,87,3874
978,9597,84,3876
979,9602,80,3874
980,9604,79,3869
981,9607,79,3876
982,9612,77,3874
983,9618,73,3876
984,9638,71,3872
985,9641,73,3851
986,9655,71,3865
987,9660,72,3874
988,9671,68,3874
989,9674,69,3874
990,9675,69,3874
991,9682,66,3873
992,9684,68,3867
993,9685,69,3873
994,9698,64,3872
995,9725,66,3875
996,9729,65,3875
997,9765,64,3869
998,9798,63,3874
999,9806,64,3873
1000,9847,62,3875
1001,9868,67,3875
1002,9870,70,3875
1003,9871,72,3874
1004,9872,72,3875
1005,9913,72,3875
1006,9918,73,3874
1007,9957,82,3876
1008,9966,86,3875
1009,9967,86,3874
1010,9969,86,3875
1011,9975,87,3875
1012,10000,70,3876
1013,10012,75,3875
1014,10021,83,3872
1015,10030,83,3874
1016,10088,72,3869
1017,10100,70,3874
1018,10107,66,3875
1019,10115,61,3875
1020,10126,58,3876
1021,10131,57,3866
1022,10132,57,3871
1023,10140,62,3875
1024,10143,61,3873
1025,10159,59,3876
1026,10160,59,3875
1027,10166,58,3876
1028,10179,53,3875
1029,10193,46,3875
1030,10197,44,3876
1031,10200,44,3873
1032,10203,45,3876
1033,10210,49,3876
1034,10234,50,3872
1035,10245,53,3875
1036,10280,54,3876
1037,10292,59,3876
1038,10293,60,3848
1039,10302,55,3876
1040,10320,54,3875
1041,10328,60,3875
1042,10352,66,3855
1043,10362,68,3873
1044,10366,68,3876
1045,10371,70,3874
1046,10380,67,3872
1047,10396,66,3876
1048,10400,67,3871
1049,10412,66,3876
1050,10416,66,3873
1051,10429,68,3874
1052,10441,66,3860
1053,10443,68,3873
1054,10452,67,3876
1055,10460,67,3876
1056,10465,69,3875
1057,10476,63,3876
1058,10483,64,3835
1059,10487,65,3868
1060,10493,70,3876
1061,10499,67,3875
1062,10504,69,3875
1063,10530,62,3876
1064,10533,62,3870
1065,10535,64,3876
1066,10540,71,3875
1067,10541,71,3875
1068,10559,73,3876
1069,10580,67,3875
1070,10598,68,3876
1071,10604,66,3876
1072,10612,68,3876
1073,10620,62,3874
1074,10642,71,3872
1075,10644,71,3874
1076,10671,66,3874
1077,10683,62,3875
1078,10685,63,3875
1079,10687,61,3871
1080,10688,58,3875
1081,10689,60,3875
1082,10701,61,3876
1083,10725,62,3875
1084,10736,69,3876
1085,10743,69,3876
1086,10746,69,3864
1087,10769,60,3874
1088,10774,62,3876
1089,10781,64,3872
1090,10787,65,3874
1091,10788,64,3875
1092,10790,63,3868
1093,10795,65,3870
1094,10796,65,3873
1095,10799,66,3874
1096,10806,67,3875
1097,10834,69,3875
1098,10876,67,3857
1099,10911,77,3874
1100,10917,77,3873
1101,10919,76,3874
1102,10925,70,3869
1103,10926,69,3875
1104,10935,69,3874
1105,10942,69,3875
1106,10954,62,3875
1107,10957,61,3875
1108,10969,63,3875
1109,10982,66,3871
1110,10993,71,3871
1111,10994,76,3875
1112,10997,75,3874
1113,10998,75,3875
1114,11008,72,3874
1115,11010,70,3876
1116,11015,70,3860
1117,11016,68,3876
1118,11034,57,3875
1119,11045,52,3876
1120,11053,57,3875
1121,11069,66,3875
1122,11097,70,3875
1123,11112,68,3869
1124,11120,69,3876
1125,11129,68,3875
1126,11133,67,3873
1127,11144,72,3872
1128,11153,71,3874
1129,11159,76,3876
1130,11167,74,3875
1131,11169,78,3875
1132,11172,78,3875
1133,11182,71,3875
1134,11184,68,3874
1135,11238,70,3868
1136,11250,71,281
1137,11268,74,3873
1138,11274,81,3874
1139,11275,81,3874
1140,11285,76,3875
1141,11328,67,3874
1142,11349,68,3873
1143,11362,72,3867
1144,11371,72,3871
1145,11389,74,3873
1146,11391,79,3872
1147,11397,76,3873
1148,11431,65,3875
1149,11456,73,3875
1150,11458,74,3876
1151,11487,77,3866
1152,11494,76,3876
1153,11497,79,3876
1154,11502,76,3873
1155,11515,81,3876
1156,11542,77,3875
1157,11543,77,3875
1158,11546,80,3870
1159,11563,86,3876
1160,11568,89,3874
1161,11577,88,3875
1162,11584,91,3859
1163,11593,86,3876
1164,11606,82,3876
1165,11622,83,3875
1166,11624,84,3875
1167,11627,84,3875
1168,11637,86,3875
1169,11638,84,3876
1170,11682,83,3875
1171,11688,85,3875
1172,11692,82,3875
1173,11693,84,3875
1174,11701,82,3874
1175,11702,82,3846
1176,11704,83,3875
1177,11707,82,3875
1178,11724,70,3876
1179,11728,63,3876
1180,11733,60,3871
1181,11752,61,3871
1182,11758,64,3874
1183,11762,65,3872
1184,11763,64,3873
1185,11787,59,3869
1186,11802,63,3874
1187,11805,65,3874
1188,11820,68,3874
1189,11841,62,3874
1190,11871,66,3872
1191,11883,59,3875
1192,11886,58,3874
1193,11909,61,3876
1194,11914,61,3870
1195,11919,60,3874
1196,11925,53,3873
1197,11949,61,3874
1198,11965,53,3875
1199,11974,58,3876
1200,11991,70,3876
1201,11997,71,3876
1202,11999,73,3875
1203,12000,75,3875
1204,12002,74,3876
1205,12006,73,3876
1206,12018,69,3876
1207,12045,63,3876
1208,12046,64,3876
1209,12070,62,3876
1210,12081,65,3875
1211,12083,65,3785
1212,12085,65,3876
1213,12086,63,3876
1214,12102,58,3876
1215,12104,60,3876
1216,12108,63,3871
1217,12123,68,3875
1218,12124,68,3876
1219,12126,68,3876
1220,12141,60,3876
1221,12158,58,3875
1222,12169,60,3876
1223,12171,60,3876
1224,12192,60,3871
1225,12193,60,3876
1226,12212,63,3876
1227,12216,63,3874
1228,12219,61,3874
1229,12220,59,3875
1230,12228,58,3876
1231,12235,59,3875
1232,12237,61,3876
1233,12243,64,3872
1234,12244,64,3876
1235,12246,65,3876
1236,12249,64,3876
1237,12251,63,3876
1238,12267,64,3876
1239,12269,65,3876
1240,12270,65,3876
1241,12277,67,3876
1242,12278,67,3876
1243,12279,67,3864
1244,12282,64,3875
1245,12286,67,3874
1246,12298,68,3876
1247,12315,71,3874
1248,12316,69,3876
1249,12320,70,3875
1250,12337,66,3875
1251,12338,66,3876
1252,12354,70,3876
1253,12369,68,3875
1254,12374,73,3876
1255,12380,72,3873
1256,12399,72,3876
1257,12409,75,3874
1258,12416,72,3876
1259,12435,72,3875
1260,12441,68,3874
1261,12453,68,3875
1262,12465,75,3876
1263,12489,71,3876
1264,12514,67,3876
1265,12524,57,3874
1266,12528,59,3875
1267,12541,63,3876
1268,12567,69,3873
1269,12570,68,3876
1270,12582,65,3874
1271,12606,70,3873
1272,12640,68,3873
1273,12645,67,3855
1274,12653,63,3875
1275,12655,62,3874
1276,12674,59,3876
1277,12678,61,3876
1278,12680,62,3873
1279,12681,60,3874
1280,12692,62,3870
1281,12697,61,3876
1282,12702,65,3876
1283,12722,68,3876
1284,12724,67,3857
1285,12762,76,3874
1286,12780,77,3875
1287,12783,78,3869
1288,12796,72,3876
1289,12798,71,3876
1290,12818,69,3876
1291,12839,66,3874
1292,12843,63,3876
1293,12871,70,3876
1294,12877,74,3876
1295,12921,62,3875
1296,12924,66,3875
1297,12925,64,3876
1298,12945,68,3875
1299,12948,66,4
1300,12953,65,3876
1301,12954,65,3875
1302,12956,69,3875
1303,12960,70,3875
1304,12962,70,3868
1305,12973,63,3876
1306,12976,67,3874
1307,12987,70,3874
1308,12990,71,3876
1309,13006,71,3874
1310,13013,73,3874
1311,13021,74,3874
1312,13047,70,3855
1313,13050,71,3876
1314,13057,75,3876
1315,13064,73,3875
1316,13077,72,3876
1317,13082,75,3876
1318,13086,78,3876
1319,13088,79,3875
1320,13100,80,3874
1321,13137,74,3871
1322,13140,75,3873
1323,13141,74,3872
1324,13159,72,3876
1325,13172,77,3875
1326,13173,78,3872
1327,13174,79,3876
1328,13186,82,3876
1329,13239,79,3874
1330,13244,79,3876
1331,13257,74,3875
1332,13297,73,3873
1333,13305,75,3873
1334,13335,80,3876
1335,13337,79,3873
1336,13347,78,3876
1337,13365,83,3876
1338,13368,82,3873
1339,13377,76,3876
1340,13383,79,3874
1341,13392,79,3873
1342,13419,80,3867
1343,13432,74,3875
1344,13436,75,3876
1345,13442,72,3875
1346,13464,76,3875
1347,13485,74,3876
1348,13493,81,3875
1349,13496,78,3875
1350,13523,73,3875
1351,13551,77,3876
1352,13566,74,3876
1353,13586,76,3876
1354,13591,76,3876
1355,13597,79,3875
1356,13605,80,3866
1357,13610,80,3875
1358,13626,83,3875
1359,13654,88,3869
1360,13681,87,3871
1361,13682,84,3872
1362,13684,83,3870
1363,13689,82,3873
1364,13703,74,3851
1365,13721,77,3873
1366,13738,70,3844
1367,13739,73,3872
1368,13775,83,3875
1369,13784,83,3874
1370,13787,84,3874
1371,13791,81,3875
1372,13794,81,7
1373,13808,81,3875
1374,13827,80,3875
1375,13832,77,3869
1376,13860,79,3876
1377,13870,79,3876
1378,13879,82,3872
1379,13890,83,3875
1380,13891,81,3876
1381,13897,80,3831
1382,13904,90,3876
1383,13907,94,3876
1384,13915,93,3876
1385,13922,95,3876
1386,13926,94,3876
1387,13935,88,3874
1388,13938,87,3875
1389,13949,83,3875
1390,13989,75,3876
1391,14012,72,3876
1392,14024,65,3875
1393,14025,66,3876
1394,14026,66,3875
1395,14029,64,3873
1396,14081,67,3874
1397,14099,71,3876
1398,14118,72,3875
1399,14120,71,3876
1400,14121,73,3876
1401,14129,66,3875
1402,14148,68,3876
1403,14153,70,3876
1404,14161,71,3875
1405,14173,70,3876
1406,14179,68,3875
1407,14195,74,3875
1408,14240,81,3868
1409,14271,83,3874
1410,14277,81,3876
1411,14285,83,3875
1412,14287,84,3876
1413,14293,84,3874
1414,14301,83,3876
1415,14303,85,3876
1416,14318,78,3876
1417,14344,70,3874
1418,14345,70,3873
1419,14350,72,3871
1420,14351,71,3872
1421,14366,65,3875
1422,14381,69,3875
1423,14384,70,3876
1424,14391,73,3875
1425,14396,74,3876
1426,14402,73,3875
1427,14426,81,3875
1428,14429,84,3873
1429,14441,79,3868
1430,14444,79,3854
1431,14483,78,3874
1432,14497,67,3874
1433,14507,70,3874
1434,14550,71,3876
1435,14574,76,3874
1436,14575,76,1247
1437,14589,71,3875
1438,14597,73,3876
1439,14678,75,3876
1440,14681,75,3876
1441,14716,77,3876
1442,14721,77,3876
1443,14735,64,3875
1444,14738,65,3876
1445,14747,68,3874
1446,14752,72,3875
1447,14766,79,3874
1448,14771,77,3874
1449,14772,78,3875
1450,14805,76,3875
1451,14816,73,3874
1452,14824,71,3876
1453,14835,70,3876
1454,14840,63,3873
1455,14843,65,3875
1456,14846,65,3876
1457,14855,65,3876
1458,14859,63,3875
1459,14864,66,3876
1460,14879,68,3873
1461,14885,67,3875
1462,14891,65,3873
1463,14901,62,3876
1464,14914,65,3875
1465,14935,60,3867
1466,14938,59,3875
1467,14939,59,3875
1468,14951,65,3876
1469,14953,64,3868
1470,14972,63,146
1471,14996,62,3875
1472,14998,65,3874
1473,14999,67,3876
1474,15003,64,3876
1475,15023,77,3876
1476,15024,77,3876
1477,15040,69,3876
1478,15041,69,3874
1479,15044,74,3847
1480,15049,72,3876
1481,15053,70,3876
1482,15056,73,3876
1483,15065,73,3874
1484,15079,71,3869
1485,15092,72,3861
1486,15099,75,3875
1487,15104,77,3862
1488,15107,75,3864
1489,15147,82,3874
1490,15191,71,3874
1491,15200,70,3875
1492,15253,66,3875
1493,15268,79,3876
1494,15290,77,3875
1495,15293,78,3875
1496,15321,84,3876
1497,15333,81,3872
1498,15347,74,3876
1499,15349,76,3875
1500,15358,74,3874
1501,15360,73,3874
1502,15371,65,3874
1503,15383,68,3875
1504,15407,68,3874
1505,15410,68,3874
1506,15418,67,3867
1507,15427,74,3872
1508,15431,78,3875
1509,15444,79,3876
1510,15491,81,3824
1511,15492,83,3876
1512,15519,85,3876
1513,15521,86,3854
1514,15533,81,3873
1515,15535,81,3873
1516,15538,81,3874
1517,15539,78,3875
1518,15547,80,3869
1519,15551,81,3876
1520,15573,83,3866
1521,15578,83,3876
1522,15581,81,3876
1523,15593,77,3868
1524,15606,78,3876
1525,15609,78,3876
1526,15611,80,3875
1527,15644,79,3876
1528,15647,77,3872
1529,15665,86,3876
1530,15702,85,3875
1531,15760,82,3870
1532,15761,83,3876
1533,15774,79,3874
1534,15782,80,3876
1535,15808,81,3876
1536,15816,78,3876
1537,15831,87,3875
1538,15836,91,3861
1539,15839,96,3875
1540,15846,90,3875
1541,15879,88,3876
1542,15881,85,3875
1543,15887,85,3871
1544,15899,88,3874
1545,15905,93,3873
1546,15919,95,3876
1547,15927,90,3868
1548,15932,91,3876
1549,15936,94,3855
1550,15946,92,3870
1551,15992,84,3871
1552,16016,98,3863
1553,16019,99,3864
1554,16024,98,3861
1555,16028,100,3862
1556,16034,99,3853
1557,16055,91,3860
1558,16070,87,3865
1559,16073,84,3863
1560,16077,87,3867
1561,16080,90,3873
1562,16088,92,3875
1563,16089,94,3870
1564,16091,93,3876
1565,16094,91,3871
1566,16095,90,3876
1567,16100,88,3875
1568,16127,87,3862
1569,16130,86,3876
1570,16139,88,3876
1571,16149,86,3875
1572,16150,88,3875
1573,16212,81,3875
1574,16214,79,3875
1575,16216,80,3876
1576,16220,78,3876
1577,16231,77,3874
1578,16240,78,3875
1579,16245,80,3860
1580,16252,79,3876
1581,16262,74,3876
1582,16278,74,3876
1583,16325,75,3875
1584,16330,73,3875
1585,16340,80,3874
1586,16342,79,3876
1587,16345,77,3873
1588,16407,96,3876
1589,16409,96,3876
1590,16412,95,3875
1591,16414,90,3871
1592,16427,86,3852
1593,16456,89,3864
1594,16460,86,3874
1595,16466,91,3876
1596,16468,92,3876
1597,16472,90,3875
1598,16475,89,3875
1599,16490,88,3876
1600,16492,89,3876
1601,16496,88,3876
1602,16542,97,3875
1603,16543,98,3853
1604,16544,99,3875
1605,16548,95,3866
1606,16554,92,3873
1607,16560,83,3874
1608,16561,84,3875
1609,16563,86,3875
1610,16580,82,3875
1611,16586,84,3875
1612,16595,81,3872
1613,16605,86,3875
1614,16623,77,3874
1615,16624,76,3869
1616,16633,76,3870
1617,16634,79,3871
1618,16635,78,3874
1619,16640,78,3876
1620,16641,78,3873
1621,16656,76,3876
1622,16663,82,3876
1623,16679,86,3857
1624,16735,80,3875
1625,16742,75,3870
1626,16760,76,3875
1627,16783,74,3871
1628,16795,78,3876
1629,16825,72,3875
1630,16846,72,3875
1631,16861,70,3873
1632,16867,71,3874
1633,16868,71,3875
1634,16883,69,3875
1635,16893,66,3874
1636,16917,68,3874
1637,16929,64,3875
1638,16931,65,3876
1639,16980,65,3860
1640,16995,75,3875
1641,16997,75,3873
1642,17003,69,3874
1643,17006,69,3874
1644,17013,71,3873
1645,17015,71,3875
1646,17019,66,3867
1647,17020,66,3873
1648,17026,64,3872
1649,17030,66,3874
1650,17036,66,3874
1651,17044,66,3875
1652,17054,66,3862
1653,17079,65,3860
1654,17106,62,3875
1655,17109,61,3876
1656,17114,62,3876
1657,17117,65,3876
1658,17124,66,3876
1659,17135,74,3876
1660,17142,74,3873
1661,17151,70,3876
1662,17152,70,3876
1663,17167,71,3875
1664,17171,72,3871
1665,17177,70,3854
1666,17186,66,3875
1667,17216,63,3873
1668,17225,62,3872
1669,17226,62,3875
1670,17241,62,3874
1671,17246,60,3874
1672,17271,65,3863
1673,17272,66,3876
1674,17285,62,3876
1675,17289,61,3875
1676,17292,62,3875
1677,17302,68,3871
1678,17321,77,3874
1679,17325,75,3874
1680,17330,78,3873
1681,17352,77,3876
1682,17360,78,3874
1683,17414,77,3826
1684,17416,77,3874
1685,17426,65,3874
1686,17428,65,3876
1687,17441,74,3876
1688,17445,76,3876
1689,17447,78,3876
1690,17452,81,3876
1691,17454,83,3876
1692,17456,79,3876
1693,17469,77,3874
1694,17471,75,3873
1695,17487,74,3876
1696,17493,75,3871
1697,17498,71,3876
1698,17501,69,3876
1699,17511,66,3875
1700,17512,66,3876
1701,17539,71,3876
1702,17540,73,3871
1703,17547,71,3876
1704,17564,71,3875
1705,17569,73,3876
1706,17570,73,3876
1707,17577,72,3864
1708,17590,75,3873
1709,17594,76,3874
1710,17607,67,3874
1711,17637,62,3871
1712,17641,68,3874
1713,17642,70,3876
1714,17669,72,3876
1715,17673,72,3876
1716,17676,73,3876
1717,17685,74,3874
1718,17690,74,3874
1719,17698,73,3876
1720,17717,69,3869
1721,17729,71,3876
1722,17736,74,3876
1723,17741,80,3876
1724,17782,70,3868
1725,17789,71,3876
1726,17798,71,3876
1727,17799,72,3875
1728,17801,72,3874
1729,17806,71,3870
1730,17812,72,3876
1731,17825,69,3874
1732,17843,68,3874
1733,17846,74,3874
1734,17853,69,3876
1735,17857,70,3869
1736,17888,71,3875
1737,17889,71,3874
1738,17912,76,3876
1739,17914,74,3317
1740,17933,68,3871
1741,17969,73,3876
1742,17975,72,3874
1743,17981,71,3876
1744,17992,68,3875
1745,18011,72,3876
1746,18017,74,3876
1747,18025,78,3316
1748,18043,72,3876
1749,18061,79,3872
1750,18065,80,3874
1751,18095,77,3876
1752,18101,77,3869
1753,18116,81,3875
1754,18131,80,3872
1755,18139,79,3874
1756,18144,78,3873
1757,18152,75,3876
1758,18155,76,3876
1759,18160,82,3876
1760,18166,86,3876
1761,18182,88,3876
1762,18196,82,3865
1763,18199,85,3875
1764,18207,82,3875
1765,18224,72,3876
1766,18227,72,3309
1767,18253,81,3869
1768,18272,77,3874
1769,18273,77,3875
1770,18282,72,3871
1771,18288,74,3874
1772,18293,77,3872
1773,18296,77,3869
1774,18298,76,3872
1775,18311,68,3872
1776,18316,65,3872
1777,18330,66,3875
1778,18334,68,3875
1779,18338,68,3876
1780,18343,69,3875
1781,18346,70,3875
1782,18353,72,3875
1783,18377,63,3876
1784,18382,62,3876
1785,18406,56,3875
1786,18413,60,3876
1787,18419,62,3873
1788,18422,63,3870
1789,18431,61,3871
1790,18448,67,3875
1791,18481,68,3876
1792,18485,68,3861
1793,18492,69,3876
1794,18515,66,3872
1795,18546,66,3876
1796,18547,66,3876
1797,18548,67,3876
1798,18551,68,3876
1799,18562,72,3867
1800,18568,72,3874
1801,18578,66,3876
1802,18584,68,3876
1803,18600,74,3876
1804,18608,76,3876
1805,18619,81,3876
1806,18624,81,3871
1807,18638,76,3873
1808,18648,73,3875
1809,18653,73,3873
1810,18668,73,3876
1811,18675,71,3874
1812,18678,70,3876
1813,18686,74,3875
1814,18722,72,3844
1815,18737,70,3871
1816,18750,78,3876
1817,18752,77,3876
1818,18756,86,3876
1819,18767,88,3874
1820,18779,86,3876
1821,18799,81,3876
1822,18813,82,3875
1823,18814,79,3875
1824,18824,80,3875
1825,18847,77,3874
1826,18857,81,3874
1827,18872,76,3876
1828,18902,73,3875
1829,18903,73,3799
1830,18911,76,3859
1831,18923,82,3875
1832,18929,85,3876
1833,18932,89,3876
1834,18949,84,3875
1835,18955,81,3869
1836,18962,79,3875
1837,18969,76,3874
1838,18970,76,3875
1839,18974,74,3875
1840,18981,65,3875
1841,18995,65,3873
1842,19001,66,3875
1843,19010,65,3874
1844,19026,66,3874
1845,19044,70,3559
1846,19052,66,3876
1847,19055,69,3875
1848,19061,72,3876
1849,19065,68,3853
1850,19074,67,3873
1851,19094,71,3876
1852,19096,71,3874
1853,19123,68,3876
1854,19140,62,3876
1855,19142,62,3876
1856,19151,61,3874
1857,19152,61,3873
1858,19165,59,3816
1859,19178,67,3875
1860,19182,62,3876
1861,19184,63,3873
1862,19185,62,3873
1863,19193,60,3873
1864,19196,67,3865
1865,19232,66,3876
1866,19238,62,3876
1867,19239,66,3876
1868,19240,66,3876
1869,19268,67,3876
1870,19269,66,3876
1871,19285,59,3871
1872,19304,69,3875
1873,19312,73,3870
1874,19321,69,3861
1875,19322,69,3876
1876,19333,66,3876
1877,19337,66,3870
1878,19353,69,3875
1879,19370,64,3875
1880,19373,65,3876
1881,19382,64,3876
1882,19384,63,3876
1883,19387,61,3874
1884,19421,61,3874
1885,19430,69,3875
1886,19431,70,3867
1887,19436,68,3876
1888,19440,67,3875
1889,19475,64,3824
1890,19507,63,3860
1891,19515,63,3859
1892,19569,75,3858
1893,19619,68,3860
1894,19648,68,3865
1895,19655,61,3860
1896,19682,76,3849
1897,19709,72,3826
1898,19714,74,3828
1899,19730,75,3871
1900,19777,79,3875
1901,19799,87,3876
1902,19815,71,3875
1903,19822,73,3876
1904,19823,69,3875
1905,19825,69,3876
1906,19829,73,3875
1907,19851,74,3852
1908,19889,79,3875
1909,19930,80,3874
1910,19980,79,3874
1911,19985,75,3876
1912,19992,70,3875
1913,20003,72,3875
1914,20006,65,3851
1915,20014,69,3874
1916,20021,69,3875
1917,20029,71,3872
1918,20039,80,3868
1919,20048,77,3875
1920,20050,78,3875
1921,20051,78,3873
1922,20063,82,3875
1923,20066,79,3875
1924,20076,80,3876
1925,20119,80,3875
1926,20122,81,3876
1927,20128,80,3876
1928,20129,78,3873
1929,20134,80,3876
1930,20137,79,3876
1931,20140,78,3876
1932,20142,77,3876
1933,20150,76,3866
1934,20169,85,3871
1935,20172,88,3872
1936,20173,86,3875
1937,20181,84,3875
1938,20183,83,3875
1939,20197,76,3874
1940,20198,77,3875
1941,20200,76,3876
1942,20204,79,3874
1943,20218,84,3876
1944,20223,83,3872
1945,20227,83,3875
1946,20229,85,3876
1947,20230,85,3875
1948,20241,87,3874
1949,20264,81,3873
1950,20271,80,3875
1951,20292,76,3876
1952,20298,73,3875
1953,20301,76,3870
1954,20308,86,3876
1955,20318,76,3873
1956,20331,76,3876
1957,20345,80,3871
1958,20351,83,3875
1959,20400,88,3870
1960,20401,90,3873
1961,20402,89,3874
1962,20420,88,3873
1963,20423,88,3868
1964,20429,90,3873
1965,20435,88,3808
1966,20437,91,3872
1967,20448,84,3872
1968,20487,77,3871
1969,20492,80,3874
1970,20493,80,3873
1971,20509,87,3874
1972,20523,90,3874
1973,20538,84,3874
1974,20541,83,3862
1975,20564,89,3874
1976,20568,89,3876
1977,20569,88,3870
1978,20571,87,3876
1979,20575,84,3875
1980,20598,69,3873
1981,20624,85,3875
1982,20631,82,3872
1983,20633,82,3872
1984,20642,84,3866
1985,20647,82,3869
1986,20670,75,3876
1987,20720,88,3871
1988,20722,88,3868
1989,20745,87,3870
1990,20778,87,3874
1991,20795,86,3870
1992,20812,82,3876
1993,20813,84,3876
1994,20834,84,3876
1995,20837,82,3875
1996,20859,84,3875
1997,20870,85,3872
1998,20873,85,3875
1999,20885,80,3874
2000,20886,78,3872
2001,20919,85,3873
2002,20922,83,3865
2003,20926,85,3874
2004,20929,87,3874
2005,20966,78,3875
2006,20968,78,3874
2007,20990,76,3868
2008,21011,85,3875
2009,21054,74,3873
2010,21060,77,3875
2011,21083,82,3874
2012,21097,82,3876
2013,21098,81,3876
2014,21111,76,3876
2015,21113,77,3876
2016,21129,75,3875
2017,21140,78,3875
2018,21146,77,3874
2019,21149,79,3875
2020,21158,74,3868
2021,21162,72,3876
2022,21171,66,3874
2023,21172,65,3875
2024,21185,71,3876
2025,21188,66,3875
2026,21191,68,3874
2027,21210,71,3874
2028,21224,75,3874
2029,21225,75,3872
2030,21244,79,3875
2031,21277,89,3875
2032,21278,87,3874
2033,21281,89,3874
2034,21290,86,3856
2035,21298,85,3876
2036,21304,81,3863
2037,21306,80,3875
2038,21309,81,3875
2039,21313,79,3859
2040,21314,80,3871
2041,21318,77,3866
2042,21326,77,3870
2043,21399,84,3870
2044,21407,76,3870
2045,21422,75,3859
2046,21434,71,3868
2047,21462,73,3869
2048,21472,80,3867
2049,21473,80,3867
2050,21483,79,3869
2051,21501,76,3868
2052,21524,72,3864
2053,21530,75,3863
2054,21532,74,3865
2055,21556,83,3873
2056,21574,83,3876
2057,21587,80,3876
2058,21622,78,3864
2059,21628,81,3874
2060,21637,89,3875
2061,21638,89,3875
2062,21681,78,3874
2063,21706,82,3874
2064,21712,83,3874
2065,21722,87,3875
2066,21732,89,3874
2067,21738,85,3873
2068,21745,87,3820
2069,21758,92,3875
2070,21765,93,3871
2071,21767,89,3873
2072,21774,83,3869
2073,21783,78,3875
2074,21784,80,3874
2075,21786,80,3875
2076,21796,77,3875
2077,21798,77,3874
2078,21805,80,3873
2079,21806,83,3874
2080,21807,83,3875
2081,21808,82,3874
2082,21809,83,3874
2083,21811,83,3873
2084,21812,82,3873
2085,21813,82,3872
2086,21814,83,3872
2087,21816,82,3873
2088,21828,83,3868
2089,21861,77,3870
2090,21873,77,3873
2091,21877,77,3861
2092,21881,78,3864
2093,21894,77,3834
2094,21912,80,3871
2095,21915,80,3873
2096,21927,72,3864
2097,21959,75,3871
2098,21970,73,3871
2099,21981,71,3871
2100,21994,80,3872
2101,22005,81,3873
2102,22008,81,3870
2103,22016,77,3869
2104,22020,78,3873
2105,22025,81,3871
2106,22029,85,3873
2107,22063,86,3872
2108,22080,86,3874
2109,22084,85,3874
2110,22111,81,3868
2111,22114,79,3869
2112,22122,80,3861
2113,22128,77,3866
2114,22165,95,3864
2115,22168,90,3864
2116,22170,91,3865
2117,22173,94,3864
2118,22175,92,3866
2119,22187,82,3866
2120,22191,83,3863
2121,22196,85,3870
2122,22200,87,3870
2123,22203,88,3866
2124,22206,87,3869
2125,22217,86,3871
2126,22221,86,3869
2127,22248,94,3869
2128,22251,94,3869
2129,22258,88,3871
2130,22263,88,3867
2131,22264,88,3869
2132,22269,85,3865
2133,22294,81,3865
2134,22296,77,3865
2135,22301,82,3863
2136,22321,90,3854
2137,22353,80,3862
2138,22371,76,3869
2139,22373,78,3868
2140,22385,84,3868
2141,22390,85,3866
2142,22394,83,3850
2143,22395,81,3868
2144,22396,81,3870
2145,22419,79,3871
2146,22448,88,3872
2147,22456,89,3872
2148,22460,86,3872
2149,22461,85,3870
2150,22466,80,3873
2151,22488,77,3873
2152,22490,78,3870
2153,22493,79,3870
2154,22496,79,3863
2155,22505,85,3856
2156,22522,91,3791
2157,22525,86,3788
2158,22535,78,3818
2159,22540,77,3818
2160,22560,87,3824
2161,22563,84,3824
2162,22611,83,3862
2163,22623,79,3730
2164,22626,80,3836
2165,22629,76,3825
2166,22647,81,3814
2167,22656,76,3831
2168,22666,68,3839
2169,22681,73,3841
2170,22682,72,3838
2171,22685,72,3836
2172,22695,74,3837
2173,22704,79,3873
2174,22725,86,3870
2175,22729,86,3870
2176,22774,83,3874
2177,22783,77,3873
2178,22785,81,3874
2179,22803,81,3871
2180,22836,77,3873
2181,22840,80,3868
2182,22866,73,3873
2183,22892,78,3868
2184,22974,65,3871
2185,22977,65,3871
2186,23004,68,3868
2187,23062,75,3868
2188,23097,82,3864
2189,23101,79,3864
2190,23113,82,3865
2191,23118,82,3868
2192,23163,90,3872
2193,23166,87,3872
2194,23167,90,3872
2195,23172,87,3870
2196,23177,88,3869
2197,23188,82,3870
2198,23189,83,3859
2199,23194,86,3865
2200,23208,93,3869
2201,23240,81,3864
2202,23242,81,3858
2203,23259,76,3862
2204,23265,77,3859
2205,23271,77,3855
2206,23274,77,3856
2207,23280,76,3848
2208,23299,79,3842
2209,23301,81,3765
2210,23306,83,3839
2211,23326,79,3874
2212,23334,76,3874
2213,23381,79,3872
2214,23399,72,3874
2215,23403,71,3867
2216,23409,69,3875
2217,23414,65,3876
2218,23423,67,3875
2219,23427,66,3874
2220,23449,74,3875
2221,23456,71,3869
2222,23461,68,3875
2223,23463,69,3876
2224,23490,77,3859
2225,23572,65,3876
2226,23582,65,1221
2227,23595,71,3876
2228,23605,71,3874
2229,23608,72,3875
2230,23632,75,3875
2231,23659,80,3873
2232,23660,80,3875
2233,23661,80,3876
2234,23664,79,3876
2235,23680,79,3876
2236,23681,79,3876
2237,23697,68,3872
2238,23699,71,3875
2239,23704,77,3868
2240,23715,80,3876
2241,23720,81,3876
2242,23727,78,3876
2243,23730,76,3876
2244,23736,76,3872
2245,23742,78,3875
2246,23754,82,3873
2247,23756,82,3876
2248,23804,73,3876
2249,23811,75,3876
2250,23813,75,3875
2251,23814,74,3873
2252,23852,76,3872
2253,23857,77,3874
2254,23862,79,3872
2255,23886,80,3864
2256,23911,76,3874
2257,23925,81,3873
2258,23934,88,3872
2259,23935,87,3874
2260,23937,86,3871
2261,23992,79,3876
2262,24001,76,3876
2263,24034,74,3874
2264,24035,73,3874
2265,24044,72,3876
2266,24047,70,3876
2267,24055,72,3876
2268,24074,67,3874
2269,24088,71,3872
2270,24106,69,3870
2271,24108,70,3831
2272,24138,66,3870
2273,24165,73,3872
2274,24175,73,3869
2275,24193,74,3876
2276,24202,67,3874
2277,24210,67,3876
2278,24213,68,3786
2279,24226,64,3872
2280,24248,64,3874
2281,24254,69,3871
2282,24255,70,3873
2283,24274,75,3868
2284,24275,76,3866
2285,24278,77,3874
2286,24285,77,3874
2287,24300,68,3873
2288,24302,69,3872
2289,24309,65,3871
2290,24324,67,3873
2291,24331,65,3873
2292,24376,53,3872
2293,24377,54,3875
2294,24381,57,3875
2295,24392,58,3875
2296,24415,53,3876
2297,24416,53,3876
2298,24489,50,3874
2299,24504,46,3872
2300,24512,45,3873
2301,24527,54,3870
2302,24543,55,3875
2303,24546,51,3875
2304,24547,51,3873
2305,24549,53,3872
2306,24557,45,3871
2307,24561,43,3864
2308,24621,53,3868
2309,24663,71,3874
2310,24681,72,3876
2311,24682,73,3876
2312,24699,74,3876
2313,24744,74,3873
2314,24800,70,3874
2315,24807,72,3876
2316,24846,70,3876
2317,24873,72,3843
2318,24879,76,3876
2319,24928,65,3876
2320,24930,64,3876
2321,24934,67,3876
2322,24936,65,3876
2323,24960,65,3875
2324,24963,65,3876
2325,24973,62,3872
2326,24974,64,3874
2327,24976,67,3875
2328,24990,68,3874
2329,24994,71,3874
2330,25011,74,3874
2331,25013,76,3875
2332,25014,77,3876
2333,25041,75,3847
2334,25042,77,3873
2335,25044,79,3875
2336,25051,80,3873
2337,25056,81,3875
2338,25066,76,3875
2339,25083,81,3858
2340,25093,78,3876
2341,25100,72,3876
2342,25105,72,3874
2343,25107,73,3876
2344,25108,73,3876
2345,25127,69,3875
2346,25148,78,3875
2347,25149,80,3875
2348,25152,77,3875
2349,25158,81,3874
2350,25161,80,3812
2351,25191,81,3865
2352,25198,80,3875
2353,25225,66,3873
2354,25227,69,3875
2355,25229,69,3874
2356,25243,70,3875
2357,25245,72,3874
2358,25275,79,3872
2359,25302,83,3875
2360,25314,81,3860
2361,25324,81,3875
2362,25341,74,3875
2363,25348,66,3875
2364,25386,65,3871
2365,25393,62,3876
2366,25410,61,3876
2367,25416,65,3875
2368,25423,69,3872
2369,25428,73,3874
2370,25429,72,3875
2371,25431,71,3875
2372,25451,66,3875
2373,25452,66,3875
2374,25455,62,3875
2375,25481,71,3874
2376,25484,68,3874
2377,25497,69,3872
2378,25502,67,3874
2379,25506,69,3874
2380,25516,72,3874
2381,25518,71,3875
2382,25519,73,3873
2383,25529,64,3863
2384,25531,65,3873
2385,25533,69,3875
2386,25591,70,3876
2387,25608,75,3860
2388,25612,74,3875
2389,25624,73,3876
2390,25628,70,3876
2391,25631,70,3874
2392,25638,72,3869
2393,25645,68,3875
2394,25648,66,3873
2395,25650,68,3868
2396,25652,70,3873
2397,25655,73,3876
2398,25666,75,3874
2399,25668,76,3876
2400,25671,73,3876
2401,25683,78,3875
2402,25684,76,3873
2403,25686,76,3876
2404,25695,70,3875
2405,25697,71,3873
2406,25700,71,3869
2407,25702,71,3871
2408,25707,67,3874
2409,25713,66,3873
2410,25720,69,3875
2411,25725,69,3874
2412,25731,71,3874
2413,25733,71,3876
2414,25734,70,3869
2415,25738,70,3873
2416,25742,69,2099
2417,25747,72,3873
2418,25763,73,3873
2419,25776,71,3873
2420,25777,71,3872
2421,25778,72,3875
2422,25782,69,3871
2423,25785,70,3875
2424,25790,67,3875
2425,25791,69,3875
2426,25792,68,3875
2427,25793,67,3874
2428,25794,64,3875
2429,25795,65,3873
2430,25803,67,3870
2431,25820,68,3870
2432,25828,72,3873
2433,25833,71,3872
2434,25839,71,3872
2435,25844,65,3870
2436,25850,74,3871
2437,25856,73,3870
2438,25867,72,3864
2439,25870,73,3871
2440,25874,73,3850
2441,25890,65,3869
2442,25892,66,3866
2443,25896,66,3868
2444,25906,73,3871
2445,25908,74,3870
2446,25910,77,3869
2447,25926,76,3868
2448,25941,75,3871
2449,25949,73,3873
2450,25951,73,3874
2451,25952,74,3874
2452,25953,77,3872
2453,25957,74,3870
2454,25964,78,3873
2455,25967,79,3870
2456,25974,75,3872
2457,25975,75,3871
2458,25992,69,3869
2459,26001,70,3872
2460,26026,79,3871
2461,26032,78,3874
2462,26035,79,3871
2463,26036,81,3871
2464,26037,81,3868
2465,26068,74,3866
2466,26071,75,3866
2467,26086,64,3860
2468,26088,71,3871
2469,26089,71,3869
2470,26098,65,3839
2471,26101,64,3875
2472,26118,63,3874
2473,26129,70,3860
2474,26153,67,3875
2475,26158,63,3872
2476,26160,61,3876
2477,26161,59,3852
2478,26163,61,3875
2479,26175,64,3876
2480,26180,67,3876
2481,26195,66,3867
2482,26196,67,3875
2483,26204,66,3873
2484,26206,65,3873
2485,26210,67,3873
2486,26219,68,3871
2487,26220,68,3873
2488,26227,70,3867
2489,26237,68,3875
2490,26240,70,3873
2491,26242,71,3874
2492,26244,70,3873
2493,26247,71,3872
2494,26260,70,3873
2495,26267,74,3875
2496,26273,71,3868
2497,26279,71,3874
2498,26286,73,3875
2499,26287,76,3873
2500,26289,79,3876
2501,26291,80,3876
2502,26294,81,3876
2503,26299,82,3876
2504,26309,78,3873
2505,26311,79,3876
2506,26315,79,3876
2507,26328,71,3874
2508,26329,71,135
2509,26333,72,3875
2510,26337,68,3868
2511,26361,74,3876
2512,26362,75,3876
2513,26366,76,3876
2514,26368,76,3876
2515,26378,71,3876
2516,26389,74,3875
2517,26396,72,3872
2518,26412,78,3874
2519,26413,77,3873
2520,26418,79,3823
2521,26441,72,3871
2522,26448,75,3876
2523,26451,77,3876
2524,26453,75,3876
2525,26455,75,3876
2526,26484,66,3876
2527,26498,64,3873
2528,26504,69,3876
2529,26505,67,3875
2530,26507,70,3875
2531,26536,68,3876
2532,26544,64,3876
2533,26550,68,3875
2534,26551,68,3875
2535,26593,69,3875
2536,26618,63,3871
2537,26632,58,3874
2538,26640,62,3875
2539,26641,59,3869
2540,26643,59,3876
2541,26646,64,3875
2542,26649,65,3875
2543,26651,66,3872
2544,26676,71,3871
2545,26684,70,3865
2546,26711,72,3869
2547,26712,74,3872
2548,26714,73,3868
2549,26715,72,3858
2550,26718,72,3867
2551,26751,78,3861
2552,26781,75,3873
2553,26791,73,3875
2554,26794,77,3876
2555,26810,71,3868
2556,26821,74,3875
2557,26830,77,3875
2558,26866,71,3867
2559,26869,68,3874
2560,26875,67,3870
2561,26894,78,3876
2562,26898,76,3875
2563,26905,74,3872
2564,26912,66,3876
2565,26920,69,3723
2566,26931,73,3876
2567,26941,73,3876
2568,26953,75,3873
2569,26960,74,3871
2570,26965,74,3873
2571,26966,72,3873
2572,26972,72,3872
2573,26986,76,3860
2574,27007,70,3874
2575,27013,71,3874
2576,27019,76,3876
2577,27027,82,3876
2578,27034,82,3875
2579,27046,76,3876
2580,27049,76,3869
2581,27058,70,3876
2582,27070,82,3876
2583,27080,76,3870
2584,27092,76,3869
2585,27101,81,3875
2586,27119,80,3875
2587,27144,80,3871
2588,27163,86,3876
2589,27169,87,3872
2590,27170,85,3874
2591,27180,87,3876
2592,27181,87,3876
2593,27190,90,3869
2594,27199,86,3876
2595,27231,87,3862
2596,27241,84,3873
2597,27244,82,3875
2598,27259,81,3875
2599,27275,78,3876
2600,27277,77,3876
2601,27283,83,3876
2602,27332,68,3868
2603,27348,79,3874
2604,27393,85,3874
2605,27397,86,3876
2606,27398,85,3873
2607,27407,78,3876
2608,27410,79,3876
2609,27411,77,3875
2610,27413,77,3872
2611,27431,79,3876
2612,27438,82,3873
2613,27446,88,3875
2614,27477,85,3873
2615,27479,89,3869
2616,27487,85,3872
2617,27503,87,3861
2618,27512,90,3862
2619,27516,89,3868
2620,27523,87,3866
2621,27532,90,3872
2622,27533,89,3871
2623,27543,87,3874
2624,27558,83,3876
2625,27567,88,3873
2626,27569,86,3852
2627,27574,82,3874
2628,27582,80,3876
2629,27683,71,3874
2630,27685,69,3875
2631,27698,71,3875
2632,27700,72,3876
2633,27710,74,3868
2634,27861,79,3872
2635,27869,78,3874
2636,27955,88,3867
2637,27961,85,3867
2638,27989,86,3867
2639,27991,84,3876
2640,27995,85,3876
2641,27997,81,3872
2642,28006,78,3876
2643,28017,82,3876
2644,28023,84,3876
2645,28028,83,3875
2646,28032,82,3875
2647,28418,82,3876
2648,28435,86,3876
2649,28444,88,3876
2650,28447,90,3876
2651,28468,96,3875
2652,28471,94,3876
2653,28477,92,3874
2654,28488,86,3876
2655,28498,89,3876
2656,28499,88,3815
2657,28509,92,3869
2658,28513,95,3873
2659,28520,92,3875
2660,28525,89,3872
2661,28534,88,3876
2662,28548,88,3876
2663,28550,88,3876
2664,28554,86,3876
2665,28559,83,3875
2666,28560,83,3876
2667,28564,84,3873
2668,28565,83,3876
2669,28566,84,3867
2670,28578,76,3876
2671,28579,72,3876
2672,28580,72,3875
2673,28581,72,3876
2674,28584,72,3876
2675,28597,68,3876
2676,28620,79,3875
2677,28641,79,3873
2678,28646,81,3866
2679,28648,80,3876
2680,28660,83,3875
2681,28671,75,3876
2682,28702,73,3876
2683,28707,78,3860
2684,28709,77,3876
2685,28719,75,3874
2686,28727,75,3873
2687,28729,76,3875
2688,28745,77,3875
2689,28770,69,3875
2690,28779,76,3873
2691,28791,76,3867
2692,28794,75,3875
2693,28816,74,3876
2694,28819,76,3875
2695,28826,75,3876
2696,28836,69,3874
2697,28839,67,3876
2698,28843,66,3874
2699,28845,65,3848
2700,28865,62,3876
2701,28876,67,3844
2702,28878,64,3873
2703,28880,66,3875
2704,28881,66,3876
2705,28885,69,3874
2706,28891,66,3864
2707,28896,70,3873
2708,28897,69,3876
2709,28902,70,3876
2710,28905,67,3876
2711,28908,68,3876
2712,28911,62,3876
2713,28912,64,3876
2714,28915,65,3874
2715,28920,69,3876
2716,28921,68,3876
2717,28926,67,3876
2718,28927,68,3870
2719,28929,70,3876
2720,28932,70,3875
2721,28948,70,3875
2722,28949,71,3876
2723,28958,70,3876
2724,28962,69,3876
2725,28964,65,3876
2726,28967,69,3874
2727,28986,61,3875
2728,28999,64,3873
2729,29000,65,3866
2730,29014,71,3866
2731,29015,71,3871
2732,29021,75,3874
2733,29024,76,3872
2734,29029,72,3874
2735,29030,75,3872
2736,29033,74,3874
2737,29034,74,3871
2738,29037,70,3863
2739,29039,72,3869
2740,29049,73,3874
2741,29051,80,3851
2742,29054,81,3875
2743,29059,80,3875
2744,29061,79,3875
2745,29065,82,3875
2746,29066,83,3843
2747,29068,84,3874
2748,29069,83,3386
2749,29070,86,3394
2750,29075,80,3853
2751,29080,79,3875
2752,29083,77,3875
2753,29087,77,3866
2754,29092,77,3875
2755,29098,80,3875
2756,29103,84,3875
2757,29104,83,3875
2758,29109,86,3876
2759,29112,88,3873
2760,29114,86,3874
2761,29118,94,3875
2762,29119,93,3876
2763,29136,92,3872
2764,29143,88,3876
2765,29145,87,3876
2766,29148,82,3869
2767,29149,81,3876
2768,29151,80,3876
2769,29156,84,3875
2770,29157,85,3874
2771,29163,85,3871
2772,29164,84,3875
2773,29167,84,3876
2774,29168,83,3876
2775,29173,83,3874
2776,29188,81,3875
2777,29200,88,3876
2778,29201,88,3875
2779,29207,86,3876
2780,29214,83,3875
2781,29217,86,3876
2782,29224,83,3876
2783,29225,82,3875
2784,29265,71,3864
2785,29273,70,3867
2786,29283,69,3855
2787,29312,67,3871
2788,29327,74,3871
2789,29328,76,3871
2790,29332,75,3869
2791,29336,75,3864
2792,29342,76,3873
2793,29350,67,3873
2794,29355,65,3871
2795,29364,65,3866
2796,29365,67,3867
2797,29388,68,3864
2798,29393,64,3866
2799,29400,70,3869
2800,29418,69,3871
2801,29424,67,3869
2802,29427,69,3872
2803,29437,73,3871
2804,29438,73,3870
2805,29441,73,3863
2806,29442,73,3866
2807,29447,68,3873
2808,29448,68,3870
2809,29450,69,3873
2810,29457,70,3874
2811,29462,70,3872
2812,29470,65,3874
2813,29472,68,3874
2814,29479,65,3875
2815,29484,72,3874
2816,29487,69,3875
2817,29489,69,3875
2818,29491,68,3874
2819,29496,65,3876
2820,29499,65,3872
2821,29503,65,3871
2822,29535,65,3876
2823,29546,60,3866
2824,29550,62,3875
2825,29552,64,3868
2826,29554,68,3874
2827,29562,63,3874
2828,29563,64,3870
2829,29571,60,3876
2830,29572,59,3870
2831,29576,56,3876
2832,29580,56,3875
2833,29590,61,3873
2834,29591,64,3874
2835,29597,63,3875
2836,29598,60,3865
2837,29601,63,3876
2838,29603,61,3874
2839,29604,61,3876
2840,29608,59,3868
2841,29610,56,3868
2842,29617,50,3875
2843,29619,54,3873
2844,29625,50,3875
2845,29637,54,3873
2846,29640,55,3876
2847,29654,58,3875
2848,29661,58,3874
2849,29662,58,3874
2850,29665,57,3873
2851,29688,56,3875
2852,29691,55,3876
2853,29697,53,3875
2854,29699,53,3875
2855,29708,50,3874
2856,29715,46,3874
2857,29728,49,3815
2858,29729,48,3874
2859,29731,47,3869
2860,29733,48,3871
2861,29734,47,3875
2862,29736,50,3876
2863,29741,49,3714
2864,29745,50,3872
2865,29757,47,3873
2866,29777,43,3875
2867,29786,51,3876
2868,29804,60,3865
2869,29806,61,3873
2870,29812,59,3876
2871,29815,57,3874
2872,29817,52,3876
2873,29818,51,3875
2874,29823,49,3876
2875,29825,49,3875
2876,29832,47,3875
2877,29838,47,3875
